domTaxa,relabund,new_mgCST,sampleID,old_mgCST
Lactobacillus_crispatus_1,0.988002402642581,1,sample_110,1
Lactobacillus_crispatus_1,0.993498660514779,1,sample_119,1
Lactobacillus_crispatus_1,0.569324669133593,1,sample_147,4
Lactobacillus_crispatus_1,0.895625824849161,1,sample_20,1
Lactobacillus_crispatus_1,0.996954061263638,1,sample_2,1
Lactobacillus_crispatus_1,0.826844882922362,1,sample_169,4
Lactobacillus_crispatus_1,0.933120293296737,1,sample_237,1
Lactobacillus_crispatus_1,0.916584940884922,1,sample_50,1
Lactobacillus_crispatus_1,0.615423448322703,1,sample_253,4
Lactobacillus_jensenii_1,0.368548203012191,1,sample_227,4
Lactobacillus_crispatus_1,0.978634000806752,1,sample_152,1
Lactobacillus_crispatus_1,0.931389774267493,1,sample_244,1
Lactobacillus_crispatus_1,0.976605765130111,1,sample_41,1
Lactobacillus_crispatus_1,0.649285171559811,1,sample_83,1
Lactobacillus_crispatus_1,0.808169545992597,1,sample_68,1
Lactobacillus_crispatus_1,0.991728408580245,1,sample_108,1
Lactobacillus_crispatus_1,0.977256539671345,1,sample_44,1
Lactobacillus_crispatus_1,0.981277944439121,1,sample_122,1
Lactobacillus_crispatus_1,0.981386881970558,1,sample_51,1
Lactobacillus_crispatus_1,0.995240855885097,1,sample_64,1
Lactobacillus_crispatus_1,0.608457737192341,1,sample_186,4
Lactobacillus_crispatus_1,0.982611353949316,1,sample_40,1
Lactobacillus_crispatus_1,0.46170700589541,2,sample_2367,1
Lactobacillus_iners_1,0.62481418944561,2,sample_2376,1
Lactobacillus_crispatus_1,0.647261782671955,2,sample_2383,1
Lactobacillus_crispatus_2,0.993644161070105,3,sample_1733,5
Lactobacillus_crispatus_2,0.986405222821969,3,sample_1756,5
Lactobacillus_crispatus_2,0.992414104404996,3,sample_1770,5
Lactobacillus_crispatus_2,0.99347256718956,3,sample_1803,5
Lactobacillus_crispatus_2,0.656268077872094,3,sample_1778,4
Lactobacillus_crispatus_2,0.890875555909266,3,sample_1775,3
Lactobacillus_crispatus_2,0.807743492986431,3,sample_1774,5
Lactobacillus_crispatus_2,0.98610938733314,3,sample_1712,5
Lactobacillus_crispatus_2,0.975330493857876,3,sample_1806,3
Lactobacillus_crispatus_2,0.867471725601392,3,sample_1815,3
Lactobacillus_crispatus_2,0.766629442943969,3,sample_1801,11
Lactobacillus_crispatus_2,0.502698446946261,3,sample_1738,4
Lactobacillus_crispatus_2,0.936924414646832,3,sample_1755,3
Lactobacillus_crispatus_2,0.98936239445931,3,sample_1714,3
Lactobacillus_crispatus_2,0.992596742265872,3,sample_1717,3
Lactobacillus_crispatus_2,0.785603756585522,3,sample_1710,4
Lactobacillus_crispatus_2,0.978622932765496,3,sample_1735,3
Lactobacillus_crispatus_2,0.992755470819446,3,sample_1724,5
Lactobacillus_crispatus_2,0.784837595138052,3,sample_1711,3
Lactobacillus_crispatus_2,0.877030130837699,3,sample_1807,4
Lactobacillus_crispatus_2,0.763989041208204,3,sample_1704,1
Lactobacillus_crispatus_2,0.696399152478705,3,sample_1822,3
Lactobacillus_crispatus_2,0.979004772746689,3,sample_1732,5
Lactobacillus_crispatus_2,0.988670253867671,3,sample_1788,5
Lactobacillus_crispatus_2,0.780308981857894,3,sample_1749,3
Lactobacillus_crispatus_2,0.875725021930686,3,sample_1719,4
Lactobacillus_crispatus_2,0.43527748682603,3,sample_1779,11
Lactobacillus_crispatus_2,0.886797588915043,3,sample_1742,5
Lactobacillus_crispatus_2,0.479379477383912,3,sample_1768,12
Lactobacillus_crispatus_2,0.952604124030162,3,sample_1745,3
Lactobacillus_crispatus_2,0.961194087691342,3,sample_1773,5
Lactobacillus_crispatus_2,0.722928545703915,3,sample_1727,4
Lactobacillus_crispatus_2,0.974297381060181,3,sample_1764,5
Lactobacillus_crispatus_2,0.91727396924934,3,sample_1796,3
Lactobacillus_crispatus_2,0.79805791298009,3,sample_1820,5
Lactobacillus_crispatus_2,0.892227509065932,3,sample_1809,5
Lactobacillus_crispatus_2,0.971475881284717,3,sample_1802,3
Lactobacillus_crispatus_2,0.960176206849109,3,sample_1726,5
Lactobacillus_crispatus_2,0.939381754632983,3,sample_1781,4
Lactobacillus_crispatus_2,0.996146676915199,3,sample_1753,5
Lactobacillus_crispatus_2,0.995716099819948,3,sample_1791,5
Lactobacillus_crispatus_2,0.575161870175031,3,sample_1720,16
Lactobacillus_crispatus_2,0.991244966359889,3,sample_1759,5
Lactobacillus_crispatus_2,0.903137799915441,3,sample_1709,5
Lactobacillus_crispatus_2,0.745380989989565,3,sample_1746,4
Lactobacillus_crispatus_3,0.829586121223289,4,sample_2335,6
Lactobacillus_crispatus_3,0.949228319227341,4,sample_2338,6
Lactobacillus_crispatus_3,0.990704640015522,4,sample_2348,6
Lactobacillus_crispatus_3,0.738835786294231,4,sample_2318,6
Lactobacillus_crispatus_3,0.666091568723345,4,sample_2337,6
Lactobacillus_crispatus_4,0.967543200572137,5,sample_2292,4
Lactobacillus_crispatus_4,0.797111007182263,5,sample_2275,4
Lactobacillus_gasseri_1,0.407464885204308,7,sample_2461,16
Lactobacillus_gasseri_1,0.474452378593083,7,sample_2467,8
Lactobacillus_gasseri_1,0.755444358302592,7,sample_2460,7
Streptococcus_agalactiae_1,0.513850035653557,8,sample_1591,27
Lactobacillus_iners_1,0.40518254913874,8,sample_1536,10
Lactobacillus_gasseri_3,0.501405812327065,8,sample_1581,8
Gardnerella_vaginalis_B,0.131500892714943,8,sample_1592,20
Streptococcus_agalactiae_1,0.186243925789021,8,sample_1626,27
Lactobacillus_johnsonii,0.376281769194364,8,sample_1613,27
Trichomonas_vaginalis,0.790451461222546,8,sample_1605,27
Prevotella_timonensis_3,0.156849691281807,8,sample_1559,27
Trichomonas_vaginalis,0.374957536231454,8,sample_1702,20
Streptococcus_mitis_2,0.442978989269807,8,sample_1604,27
UBA629_sp005465875_0,0.999772753653016,8,sample_1665,18
Corynebacterium,0.0758001738937053,8,sample_1641,20
Gardnerella_vaginalis_D_1,0.0473082865552437,8,sample_1598,20
Brevibacterium_ravenspurgense,0.0961983267805238,8,sample_1686,22
Klebsiella_pneumoniae,0.804035763692015,8,sample_1583,27
Streptococcus_agalactiae_2,0.219532013183242,8,sample_1627,27
Streptococcus_mitis_1,0.194150412882649,8,sample_1670,20
Lactobacillus_iners_2,0.0901806156505812,8,sample_1550,22
Streptococcus_agalactiae_2,0.74942730207934,8,sample_1695,27
Escherichia_coli_1,0.56043348744423,8,sample_1578,27
Enterococcus_faecalis_2,0.907198526886545,8,sample_1522,27
Streptococcus_anginosus_2,0.564347520601983,8,sample_1544,27
Trichomonas_vaginalis,0.223223400183013,8,sample_1553,20
Streptococcus_agalactiae_3,0.893834887312568,8,sample_1636,27
Streptococcus_agalactiae_1,0.685959732971622,8,sample_1540,27
Lactobacillus_gasseri_4,0.734030738513381,8,sample_1649,8
Lactobacillus_iners_1,0.45092020558465,8,sample_1664,12
UBA629_sp005465875_0,0.992315630008563,8,sample_1575,22
UBA629_sp005465875_0,0.998929763459585,8,sample_1621,18
Lactobacillus_gasseri_4,0.487946613830525,8,sample_1661,6
Trichomonas_vaginalis,0.347300746454253,8,sample_1663,22
Lactobacillus_johnsonii,0.906156382684416,8,sample_1606,27
Lactobacillus_paragasseri,0.398962463336796,9,sample_2426,8
Lactobacillus_paragasseri,0.63505826849439,9,sample_2416,8
Lactobacillus_paragasseri,0.647086533877022,9,sample_2411,8
Lactobacillus_paragasseri,0.65306816265242,9,sample_2414,8
Lactobacillus_paragasseri,0.512664305554121,9,sample_2418,8
Lactobacillus_iners_1,0.704406457810234,10,sample_434,12
Lactobacillus_iners_1,0.811488260573083,10,sample_427,12
Lactobacillus_iners_1,0.681007918938595,10,sample_473,12
Lactobacillus_iners_1,0.671649658529643,10,sample_433,13
Lactobacillus_iners_1,0.774095327638099,10,sample_452,10
Lactobacillus_iners_1,0.843200444420914,10,sample_440,10
Lactobacillus_iners_1,0.883072197420852,10,sample_444,11
Lactobacillus_iners_1,0.928364007216431,10,sample_404,12
Lactobacillus_iners_1,0.958570771734474,10,sample_409,12
Lactobacillus_iners_1,0.758293548409734,10,sample_333,10
Lactobacillus_iners_1,0.834886344204409,10,sample_428,10
Lactobacillus_iners_1,0.858500696872073,10,sample_449,12
Lactobacillus_iners_1,0.611560024818931,10,sample_475,13
Lactobacillus_iners_1,0.727904947157908,10,sample_504,13
Lactobacillus_iners_1,0.898817660358237,10,sample_492,12
Lactobacillus_iners_1,0.899197129818227,10,sample_498,13
Lactobacillus_iners_1,0.704888034527693,10,sample_490,10
Lactobacillus_iners_1,0.912373111402,10,sample_500,13
Lactobacillus_iners_1,0.932374422143719,10,sample_507,12
Lactobacillus_iners_1,0.874439682864151,10,sample_463,10
Lactobacillus_iners_1,0.821249888976336,10,sample_457,12
Lactobacillus_iners_1,0.952453929248405,10,sample_456,11
Lactobacillus_iners_1,0.654201263798717,10,sample_400,10
Lactobacillus_iners_1,0.89294699525416,10,sample_411,13
Lactobacillus_iners_1,0.861579940259415,10,sample_283,10
Lactobacillus_iners_1,0.797219728175569,10,sample_362,10
Lactobacillus_iners_1,0.742864394680485,10,sample_459,10
Lactobacillus_iners_1,0.849125666509845,10,sample_266,13
Lactobacillus_iners_1,0.795816359882335,10,sample_274,12
Lactobacillus_iners_1,0.872602876049439,10,sample_285,13
Lactobacillus_iners_1,0.753335463519004,10,sample_270,10
Lactobacillus_iners_1,0.908849949946452,10,sample_315,12
Lactobacillus_iners_1,0.843247045024712,10,sample_380,10
Lactobacillus_iners_1,0.703923625131102,10,sample_378,10
Lactobacillus_iners_1,0.941956776726121,10,sample_276,10
Lactobacillus_iners_1,0.863944015358246,10,sample_309,10
Lactobacillus_iners_1,0.933675003087052,10,sample_261,13
Lactobacillus_iners_1,0.947227764939263,10,sample_429,12
Lactobacillus_iners_1,0.921139116784484,10,sample_279,12
Lactobacillus_iners_1,0.71571913844111,10,sample_302,12
Lactobacillus_iners_1,0.773816902148222,10,sample_304,10
Lactobacillus_iners_1,0.64334931634503,10,sample_292,13
Lactobacillus_iners_1,0.854554637917399,10,sample_293,13
Lactobacillus_iners_1,0.902564162432992,10,sample_312,13
Lactobacillus_iners_1,0.915593203508187,10,sample_294,12
Lactobacillus_iners_1,0.876489696944894,10,sample_377,12
Lactobacillus_iners_1,0.927335664043115,10,sample_278,10
Lactobacillus_iners_1,0.695997755057424,10,sample_291,11
Lactobacillus_iners_1,0.894427288785947,10,sample_342,10
Lactobacillus_iners_1,0.795530070880774,10,sample_281,12
Lactobacillus_iners_1,0.839053286363978,10,sample_295,10
Lactobacillus_iners_1,0.86735539769027,10,sample_290,10
Lactobacillus_iners_1,0.886422698002713,10,sample_371,13
Lactobacillus_iners_1,0.746320678150347,10,sample_385,10
Lactobacillus_iners_1,0.845445616539493,10,sample_355,12
Lactobacillus_iners_1,0.818038174109296,10,sample_353,12
Lactobacillus_iners_1,0.771655013530144,10,sample_392,13
Lactobacillus_iners_1,0.906295929278907,10,sample_396,12
Lactobacillus_iners_1,0.94061373739255,10,sample_390,10
Lactobacillus_iners_1,0.946332540414467,10,sample_271,12
Lactobacillus_iners_1,0.81280371360464,10,sample_398,10
Lactobacillus_iners_1,0.862584815788041,10,sample_352,10
Lactobacillus_iners_1,0.867620602499413,10,sample_413,12
Lactobacillus_iners_1,0.871040107890808,10,sample_334,12
Lactobacillus_iners_1,0.635531652094417,10,sample_343,10
Lactobacillus_iners_1,0.738809910059143,10,sample_328,12
Lactobacillus_iners_1,0.700666614234943,10,sample_339,10
Lactobacillus_iners_1,0.291626314238711,11,sample_1187,12
Lactobacillus_iners_1,0.531179120801334,11,sample_1279,10
Lactobacillus_iners_1,0.641978327624788,11,sample_1290,16
Lactobacillus_iners_1,0.717049403085016,11,sample_1204,10
Lactobacillus_jensenii_5,0.805465748952294,11,sample_1230,16
Aerococcus_christensenii_1,0.273403406528602,11,sample_1160,10
Lactobacillus_iners_1,0.50188612897159,11,sample_1254,10
Lactobacillus_iners_1,0.48932500177755,11,sample_1168,13
Lactobacillus_iners_1,0.7849573284959,11,sample_1243,16
Lactobacillus_iners_1,0.677334209314861,11,sample_1244,10
Lactobacillus_iners_1,0.573207519762315,11,sample_1184,13
Lactobacillus_iners_1,0.403964720444232,11,sample_1251,10
Lactobacillus_iners_1,0.633414084859393,11,sample_1173,13
Lactobacillus_jensenii_4,0.786918349159762,11,sample_1193,16
Lactobacillus_iners_1,0.47904707043601,11,sample_1213,13
Lactobacillus_jensenii_4,0.290094794949069,11,sample_1183,10
Lactobacillus_iners_1,0.452348030352063,11,sample_1171,10
Lactobacillus_jensenii_4,0.413458906612517,11,sample_1225,10
Lactobacillus_iners_1,0.442657749046393,11,sample_1165,13
Lactobacillus_iners_1,0.508113616222113,11,sample_1211,10
Lactobacillus_mulieris_1,0.55848266811274,11,sample_1314,15
Lactobacillus_iners_1,0.740447693137792,11,sample_1287,16
Lactobacillus_iners_1,0.293787701318965,11,sample_1332,20
Lactobacillus_iners_1,0.631053922265658,11,sample_1266,10
Lactobacillus_iners_1,0.425917326287144,11,sample_1245,27
Gardnerella_vaginalis_1,0.390815826020439,11,sample_1286,20
Lactobacillus_iners_1,0.326555125279263,11,sample_1271,13
Lactobacillus_iners_1,0.732983865127698,11,sample_1295,12
Lactobacillus_iners_1,0.410311486890033,11,sample_1309,20
Lactobacillus_iners_1,0.37914633858509,11,sample_1329,13
Lactobacillus_iners_1,0.824408550815195,11,sample_1275,12
Lactobacillus_iners_1,0.680679722659735,11,sample_1259,13
Lactobacillus_iners_1,0.548040938485924,11,sample_1289,12
Lactobacillus_iners_1,0.680268571341174,11,sample_1340,10
Lactobacillus_crispatus_2,0.408251913444159,11,sample_1323,3
Lactobacillus_iners_1,0.711430705430499,11,sample_1299,14
Lactobacillus_iners_1,0.556140401261948,11,sample_1277,12
Lactobacillus_iners_1,0.411296478270517,11,sample_1324,24
Lactobacillus_iners_1,0.462831003397693,11,sample_1181,13
Lactobacillus_iners_1,0.574294242119196,11,sample_1209,10
Lactobacillus_crispatus_2,0.225538032893949,11,sample_1339,10
Lactobacillus_iners_1,0.222937453062976,11,sample_1333,22
Lactobacillus_iners_1,0.519713431780461,11,sample_1228,10
Gardnerella_swidsinkii_1,0.229808276687455,11,sample_1268,24
Lactobacillus_crispatus_2,0.404143512565092,11,sample_1291,12
Lactobacillus_iners_1,0.335072258247914,11,sample_1258,10
Lactobacillus_iners_1,0.371051864715223,11,sample_1302,10
Lactobacillus_iners_1,0.802884079040801,11,sample_1338,10
Lactobacillus_iners_1,0.328811768315084,11,sample_1246,10
Lactobacillus_iners_1,0.702021022564118,11,sample_1220,14
Lactobacillus_iners_1,0.535008325806313,11,sample_1218,12
Lactobacillus_iners_1,0.595703927608656,11,sample_1294,12
Lactobacillus_iners_1,0.596344168936813,11,sample_1281,10
Lactobacillus_iners_2,0.742426387793218,12,sample_1122,12
Lactobacillus_iners_2,0.421921068208784,12,sample_1082,24
Lactobacillus_iners_2,0.845234664113853,12,sample_1066,11
Lactobacillus_iners_2,0.597841669290176,12,sample_1044,11
Lactobacillus_iners_2,0.840255461400523,12,sample_1151,10
Lactobacillus_iners_2,0.560472015681107,12,sample_1089,11
Lactobacillus_iners_2,0.285274410361124,12,sample_534,20
Lactobacillus_iners_2,0.679411784063411,12,sample_1037,13
Lactobacillus_jensenii_5,0.418845102416219,12,sample_1074,11
Lactobacillus_iners_2,0.467403845563732,12,sample_1059,20
Lactobacillus_iners_2,0.933166525688988,12,sample_1086,11
Lactobacillus_iners_2,0.27430415715756,12,sample_1088,22
Lactobacillus_iners_2,0.467255445865404,12,sample_1130,11
Lactobacillus_iners_2,0.664937750008449,12,sample_1019,12
Lactobacillus_iners_2,0.928831229772191,12,sample_1060,11
Lactobacillus_iners_2,0.623701302663045,12,sample_995,20
Lactobacillus_iners_2,0.915459254250175,12,sample_1030,11
Lactobacillus_iners_2,0.734942889437405,12,sample_1113,11
Lactobacillus_iners_2,0.928511767259196,12,sample_1097,11
Lactobacillus_iners_2,0.945042934401455,12,sample_1126,11
Lactobacillus_iners_2,0.880960688792362,12,sample_996,10
Lactobacillus_iners_2,0.946829896463942,12,sample_1106,11
Lactobacillus_iners_2,0.799041098787556,12,sample_1061,13
Lactobacillus_iners_2,0.904921594472424,12,sample_1138,11
Lactobacillus_iners_2,0.86668923551866,12,sample_1017,13
Lactobacillus_iners_2,0.878726680137412,12,sample_1032,11
Lactobacillus_iners_2,0.584256693615871,12,sample_993,20
Lactobacillus_iners_2,0.809440550793596,12,sample_1146,10
Lactobacillus_iners_2,0.827740044230367,12,sample_1123,13
Lactobacillus_iners_2,0.422714607804972,12,sample_1025,12
Lactobacillus_iners_2,0.775482391147725,12,sample_1040,11
Lactobacillus_iners_2,0.921644316981768,12,sample_967,11
Lactobacillus_iners_2,0.867716918434251,12,sample_971,13
Lactobacillus_iners_2,0.571859419683714,12,sample_1708,11
Lactobacillus_iners_2,0.930713929527537,12,sample_1026,11
Lactobacillus_iners_2,0.916639114519811,12,sample_990,11
Lactobacillus_iners_2,0.382668178443245,12,sample_1052,27
Lactobacillus_crispatus_2,0.33190569434436,12,sample_1731,3
Lactobacillus_iners_2,0.669235064106197,12,sample_1104,12
Lactobacillus_iners_2,0.875717329747052,12,sample_1096,11
Lactobacillus_iners_2,0.421632793285202,12,sample_997,20
Lactobacillus_iners_2,0.893894113204652,12,sample_1003,11
Lactobacillus_iners_2,0.552781309960873,12,sample_984,11
Lactobacillus_iners_2,0.546372130048769,12,sample_1031,11
Lactobacillus_iners_2,0.592516597666346,12,sample_1001,11
Lactobacillus_iners_2,0.852547344205727,12,sample_963,10
Lactobacillus_iners_2,0.741046603001206,12,sample_1036,11
Lactobacillus_iners_2,0.783887989251494,12,sample_1038,12
Lactobacillus_iners_2,0.853054500207907,12,sample_1077,11
Lactobacillus_iners_2,0.290422437570914,12,sample_553,20
Lactobacillus_iners_2,0.676237435234459,12,sample_1035,11
Lactobacillus_iners_2,0.741116620138381,12,sample_1064,10
Lactobacillus_iners_2,0.924494701441226,12,sample_1028,11
Lactobacillus_iners_2,0.660254573961728,12,sample_1818,11
Lactobacillus_iners_2,0.857527097063928,12,sample_1048,10
Lactobacillus_iners_2,0.560370808890802,12,sample_1092,13
Lactobacillus_iners_2,0.481075973928205,12,sample_1012,11
Lactobacillus_iners_2,0.845876111194484,12,sample_1114,12
Lactobacillus_iners_2,0.496141618205106,12,sample_1136,11
Lactobacillus_iners_2,0.925266714287624,12,sample_1093,11
Lactobacillus_iners_2,0.774195944044371,12,sample_1079,12
Lactobacillus_iners_2,0.867365889458555,12,sample_976,11
Lactobacillus_iners_2,0.856257366655588,12,sample_1080,11
Lactobacillus_iners_2,0.876416829124147,12,sample_1010,11
Lactobacillus_iners_2,0.719346828465189,12,sample_1018,11
Lactobacillus_iners_2,0.85110922848464,12,sample_1075,11
Lactobacillus_iners_2,0.91527355808331,12,sample_1067,12
Lactobacillus_iners_2,0.714066720357691,12,sample_1091,12
Lactobacillus_iners_2,0.962269211972376,12,sample_1090,11
Lactobacillus_iners_2,0.566867263282689,12,sample_1063,11
Lactobacillus_iners_2,0.783144718289172,12,sample_1008,11
Lactobacillus_jensenii_1,0.468553545422755,13,sample_2390,10
Lactobacillus_iners_2,0.550176381272761,13,sample_2407,10
Lactobacillus_jensenii_1,0.840655001956678,13,sample_2388,16
Lactobacillus_jensenii_1,0.464603876893432,13,sample_2394,16
Lactobacillus_jensenii_1,0.760580318420495,13,sample_2406,16
Lactobacillus_jensenii_1,0.814796923463688,13,sample_2396,16
Lactobacillus_jensenii_1,0.751814476676563,13,sample_2397,16
Lactobacillus_jensenii_1,0.625009932459277,13,sample_2393,16
Lactobacillus_jensenii_2,0.730213181950556,14,sample_2485,16
Lactobacillus_jensenii_2,0.797593194950282,14,sample_2476,16
Lactobacillus_jensenii_2,0.533359080814908,14,sample_2484,16
Lactobacillus_jensenii_2,0.73570367870678,14,sample_2479,16
Lactobacillus_iners_1,0.492530695363447,14,sample_2472,10
Lactobacillus_jensenii_2,0.407281863475706,14,sample_2483,16
Lactobacillus_jensenii_2,0.512784012838974,14,sample_2478,16
Lactobacillus_jensenii_2,0.576974288462688,14,sample_2477,16
Lactobacillus_jensenii_2,0.43814584671012,14,sample_2471,16
Lactobacillus_jensenii_2,0.634675178857776,14,sample_2473,16
Lactobacillus_jensenii_3,0.6500907945696,15,sample_2513,16
Lactobacillus_jensenii_3,0.547350536897641,15,sample_2504,10
Lactobacillus_jensenii_3,0.629994428341171,15,sample_2503,16
Lactobacillus_jensenii_3,0.800040659894149,15,sample_2509,27
Lactobacillus_jensenii_3,0.936423796783503,15,sample_2511,16
Lactobacillus_mulieris_3,0.759070215650169,16,sample_2496,15
Lactobacillus_mulieris_3,0.450514302710464,16,sample_2491,13
Lactobacillus_mulieris_3,0.453444409490633,16,sample_2490,10
Lactobacillus_mulieris_3,0.5230061640414,16,sample_2493,15
UBA629_sp005465875_1,0.342927259988675,17,sample_1873,24
UBA629_sp005465875_1,0.549491980910563,17,sample_1910,17
UBA629_sp005465875_1,0.43668283089315,17,sample_1928,17
UBA629_sp005465875_1,0.371606140132052,17,sample_1936,17
UBA629_sp005465875_1,0.534664440880488,17,sample_1914,18
UBA629_sp005465875_1,0.484798349099837,17,sample_1893,17
UBA629_sp005465875_1,0.521615642004771,17,sample_1906,17
Gardnerella_sp003585735_1,0.309376139896507,17,sample_1917,22
UBA629_sp005465875_1,0.189074173702726,17,sample_1891,24
UBA629_sp005465875_1,0.280463197702077,17,sample_1885,20
UBA629_sp005465875_1,0.791050001569983,17,sample_1839,18
UBA629_sp005465875_1,0.482219876560066,17,sample_1855,17
UBA629_sp005465875_1,0.699818564691172,17,sample_1876,17
UBA629_sp005465875_1,0.225464465759071,17,sample_1865,17
UBA629_sp005465875_1,0.199653621025859,17,sample_1896,19
UBA629_sp005465875_1,0.471202878794978,17,sample_1883,17
UBA629_sp005465875_1,0.196211966408411,17,sample_1854,22
UBA629_sp005465875_1,0.461964497247554,17,sample_1903,17
UBA629_sp005465875_1,0.338296795685964,17,sample_1862,18
UBA629_sp005465875_1,0.361144168135856,17,sample_1825,20
Gardnerella_spNov2_2,0.207120175020423,17,sample_1840,22
UBA629_sp005465875_1,0.41637839858022,17,sample_1852,17
UBA629_sp005465875_1,0.529140280008012,17,sample_1894,17
UBA629_sp005465875_1,0.635430986345465,17,sample_1872,17
UBA629_sp005465875_1,0.329303187545667,17,sample_1826,17
UBA629_sp005465875_1,0.704861646852702,17,sample_1860,19
UBA629_sp005465875_1,0.501772384724992,17,sample_1842,17
UBA629_sp005465875_1,0.244636027000668,17,sample_1877,24
UBA629_sp005465875_1,0.63577225503312,17,sample_1850,17
UBA629_sp005465875_1,0.386213730988108,17,sample_1920,17
UBA629_sp005465875_1,0.377332875859169,17,sample_1879,17
UBA629_sp005465875_1,0.595896959686406,17,sample_1844,17
UBA629_sp005465875_1,0.460176146802547,17,sample_1886,17
UBA629_sp005465875_1,0.451528733150243,17,sample_1851,17
UBA629_sp005465875_1,0.353400645026526,17,sample_1849,19
UBA629_sp005465875_1,0.362228227348615,17,sample_1939,17
UBA629_sp005465875_1,0.394985581287701,17,sample_1933,17
UBA629_sp005465875_1,0.647266372009869,17,sample_1934,17
UBA629_sp005465875_1,0.26175373310135,17,sample_1927,18
UBA629_sp005465875_1,0.343363550821957,17,sample_1870,18
UBA629_sp005465875_1,0.359885196047579,17,sample_1881,17
UBA629_sp005465875_1,0.2788440283315,17,sample_1897,19
Gardnerella_swidsinkii_1,0.270726691941658,17,sample_1843,24
Gardnerella_vaginalis_A_1,0.255384212705809,17,sample_1887,20
UBA629_sp005465875_1,0.661090911714026,17,sample_1935,17
UBA629_sp005465875_1,0.33953863439966,17,sample_1911,17
UBA629_sp005465875_1,0.447380393321125,17,sample_1918,18
UBA629_sp005465875_1,0.276868555569218,17,sample_1916,18
UBA629_sp005465875_1,0.45878982814232,17,sample_1908,17
UBA629_sp005465875_1,0.613049632268802,17,sample_1868,17
UBA629_sp005465875_1,0.622175809366654,17,sample_1829,17
UBA629_sp005465875_1,0.241163211388492,17,sample_1835,17
UBA629_sp005465875_1,0.551818818741152,17,sample_1926,17
UBA629_sp005465875_1,0.244957076812452,17,sample_1828,22
UBA629_sp005465875_1,0.661539445919921,17,sample_1875,17
UBA629_sp005465875_1,0.399824327536665,17,sample_1892,17
UBA629_sp005465875_1,0.677827351299443,17,sample_1929,17
UBA629_sp005465875_1,0.120102011950616,17,sample_1922,22
Gardnerella_swidsinkii_1,0.211871843894543,17,sample_1907,24
UBA629_sp005465875_1,0.59219178210828,17,sample_1827,17
UBA629_sp005465875_2,0.131159860661327,18,sample_2021,19
UBA629_sp005465875_2,0.0956888900547824,18,sample_795,22
UBA629_sp005465875_2,0.26398890136751,18,sample_1966,22
UBA629_sp005465875_2,0.375980587935799,18,sample_2011,19
UBA629_sp005465875_2,0.455268293567495,18,sample_2025,19
UBA629_sp005465875_2,0.837406839982694,18,sample_2024,17
UBA629_sp005465875_2,0.589475689995643,18,sample_2019,17
UBA629_sp005465875_2,0.32696037947647,18,sample_1946,17
UBA629_sp005465875_2,0.665625585921511,18,sample_1955,18
UBA629_sp005465875_2,0.613308778860565,18,sample_1984,18
Sodaliphilus_spNov1,0.200239286267297,18,sample_824,27
UBA629_sp005465875_2,0.192650282795504,18,sample_2020,22
UBA629_sp005465875_2,0.185210077000335,18,sample_1944,22
UBA629_sp005465875_2,0.289313839013734,18,sample_2015,18
UBA629_sp005465875_2,0.178767941007778,18,sample_2000,22
UBA629_sp005465875_2,0.20824678075213,18,sample_1997,20
UBA629_sp005465875_2,0.114036035673008,18,sample_1953,24
UBA629_sp005465875_2,0.331307722866957,18,sample_2006,18
UBA629_sp005465875_2,0.412086231352607,18,sample_1973,18
UBA629_sp005465875_2,0.183727829073472,18,sample_2027,22
UBA629_sp005465875_2,0.363045999534155,18,sample_1972,19
UBA629_sp005465875_2,0.743330627210459,18,sample_2008,17
UBA629_sp005465875_2,0.31467656985533,18,sample_1983,19
UBA629_sp005465875_2,0.517165764005567,18,sample_1995,17
UBA629_sp005465875_2,0.124568781987454,18,sample_573,22
Sneathia_vaginalis_2,0.146162214866703,18,sample_886,22
KA00274_sp902373515_1,0.1426880775453,18,sample_860,22
UBA629_sp005465875_2,0.469899642910692,18,sample_1994,18
UBA629_sp005465875_2,0.115665441826747,18,sample_1967,18
UBA629_sp005465875_2,0.569377144459747,18,sample_1970,17
Sodaliphilus_spNov1,0.177981721572934,18,sample_1980,22
UBA629_sp005465875_2,0.296212375997134,18,sample_1943,18
Prevotella_spNov1,0.156762024939156,18,sample_1947,22
UBA629_sp005465875_2,0.336450324749851,18,sample_1991,18
Prevotella_amnii_3,0.243777697057755,18,sample_836,20
UBA629_sp005465875_2,0.524161481012982,18,sample_1958,17
UBA629_sp005465875_2,0.328418794289035,18,sample_1957,19
UBA629_sp005465875_2,0.682830179165589,18,sample_2022,17
UBA629_sp005465875_2,0.460548611622929,18,sample_1996,19
UBA629_sp005465875_2,0.319640254496187,18,sample_1948,18
UBA629_sp005465875_2,0.741432870471718,18,sample_1942,17
UBA629_sp005465875_2,0.500368414194151,18,sample_1941,19
UBA629_sp005465875_2,0.759810701426586,18,sample_1992,18
Megasphaera_lornae_2,0.171080450199863,18,sample_623,22
UBA629_sp005465875_2,0.424863486165672,18,sample_1940,17
Prevotella_amnii_7,0.111937856479968,18,sample_1989,22
UBA629_sp005465875_2,0.768419977881311,18,sample_1987,18
UBA629_sp005465875_2,0.262796784912671,18,sample_2009,19
UBA629_sp005465875_2,0.389901745404268,18,sample_1964,17
UBA629_sp005465875_2,0.611506917123819,18,sample_2026,18
UBA629_sp005465875_2,0.445047857173248,18,sample_1956,24
UBA629_sp005465875_2,0.50969435473168,18,sample_2018,18
UBA629_sp005465875_2,0.187679089712761,18,sample_914,19
UBA629_sp005465875_2,0.261906774308892,18,sample_1974,17
UBA629_sp005465875_2,0.642431751700257,18,sample_2005,18
UBA629_sp005465875_2,0.64958280335507,18,sample_1963,19
UBA629_sp005465875_2,0.458823070683062,18,sample_2017,19
UBA629_sp005465875_2,0.288721850592881,18,sample_1985,19
UBA629_sp005465875_2,0.58938012539203,18,sample_2014,18
Gardnerella_vaginalis_1,0.530247901801406,19,sample_2251,25
Gardnerella_vaginalis_1,0.322424017254536,19,sample_2250,24
Gardnerella_vaginalis_1,0.303077907933097,19,sample_2268,25
Gardnerella_swidsinkii_14,0.236297290382196,19,sample_1408,24
Gardnerella_vaginalis_1,0.413549773874632,19,sample_2269,25
Gardnerella_vaginalis_1,0.518756210694738,19,sample_2266,25
Gardnerella_vaginalis_1,0.279369250985545,19,sample_1411,24
Gardnerella_vaginalis_1,0.485543147290174,19,sample_2273,20
Gardnerella_vaginalis_1,0.486050114006864,19,sample_2225,25
Gardnerella_vaginalis_1,0.331140923920237,19,sample_2227,11
Fannyhessea_vaginae_1,0.332079223695397,19,sample_1364,25
Gardnerella_vaginalis_1,0.646108887242004,19,sample_2246,25
Gardnerella_vaginalis_1,0.755626835419329,19,sample_2252,25
Gardnerella_vaginalis_1,0.527246726452997,19,sample_2242,20
Gardnerella_vaginalis_1,0.604799610986014,19,sample_2232,25
Gardnerella_spNov2_2,0.24051280032346,20,sample_715,20
Gardnerella_vaginalis_C_1,0.26825807557311,20,sample_535,20
Gardnerella_vaginalis_C_1,0.239716907893156,20,sample_579,20
Gardnerella_vaginalis_C_1,0.385331033257546,20,sample_673,20
Gardnerella_vaginalis_D_2,0.123493453031661,20,sample_646,20
Gardnerella_vaginalis_C_1,0.241754982545138,20,sample_716,20
Gardnerella_vaginalis_C_1,0.195240537141315,20,sample_557,20
Gardnerella_vaginalis_C_1,0.575354394073509,20,sample_688,20
Lactobacillus_iners_1,0.27890833039903,20,sample_726,22
Gardnerella_vaginalis_C_1,0.375441295850894,20,sample_650,20
Lactobacillus_iners_1,0.130749472762095,20,sample_930,22
Gardnerella_vaginalis_C_1,0.425210629345697,20,sample_527,20
Gardnerella_vaginalis_C_1,0.389632815184033,20,sample_561,20
Lactobacillus_iners_1,0.231876996062998,20,sample_1846,20
Gardnerella_vaginalis_H_1,0.242878655754725,20,sample_718,20
Lactobacillus_iners_1,0.153010538338812,20,sample_654,20
Gardnerella_vaginalis_C_1,0.196662168287145,20,sample_693,22
Gardnerella_vaginalis_C_1,0.289475453737679,20,sample_645,20
Gardnerella_vaginalis_C_1,0.226837722820221,20,sample_630,20
Fannyhessea_vaginae_1,0.119719134730187,20,sample_812,22
Lactobacillus_iners_1,0.14631258226424,20,sample_852,22
Lactobacillus_iners_1,0.26987305624627,20,sample_658,20
Gardnerella_vaginalis_C_1,0.161371414675984,20,sample_743,22
Gardnerella_vaginalis_C_1,0.350735852213217,20,sample_577,20
Gardnerella_vaginalis_C_1,0.241968903156347,20,sample_568,20
Lactobacillus_iners_1,0.329167109198499,20,sample_558,10
Gardnerella_vaginalis_C_1,0.0831352848951335,21,sample_547,22
Gardnerella_vaginalis_H_1,0.184217279064174,21,sample_853,22
Sneathia_vaginalis_1,0.208808789830088,21,sample_900,22
Gardnerella_vaginalis_C_1,0.136806711708506,21,sample_653,22
Gardnerella_vaginalis_A_1,0.185286718491641,21,sample_875,20
Megasphaera_lornae_3,0.340267353093975,21,sample_722,22
Gardnerella_vaginalis_B,0.0946154040452159,21,sample_734,22
Gardnerella_piotii_1,0.252722194093364,21,sample_1421,24
UBA629_sp005465875_3,0.429095606958476,21,sample_912,18
Lactobacillus_iners_2,0.138513530063197,21,sample_889,21
Gardnerella_leopoldii_2,0.108718513143832,21,sample_709,20
Gardnerella_piotii_2,0.40255101142869,21,sample_670,20
Prevotella_amnii_2,0.174509053417446,21,sample_937,20
UBA629_sp005465875_3,0.282188545150843,21,sample_874,19
Gardnerella_vaginalis_A_1,0.133154607629519,21,sample_887,22
Gardnerella_vaginalis_H_1,0.163663049117636,21,sample_684,20
Dialister_sp001553355_3,0.0986495083630624,21,sample_947,22
Gardnerella_vaginalis_F_2,0.1640487196099,21,sample_1975,19
Prevotella_amnii_2,0.209822457708454,21,sample_888,20
Prevotella_melaninogenica,0.404926347774208,21,sample_877,20
Gardnerella_vaginalis_H_1,0.225345300149927,21,sample_685,20
Prevotella_spNov3_4,0.1818723154519,21,sample_1904,17
UBA629_sp005465875_0,0.299045826717565,21,sample_1630,22
Gardnerella_vaginalis_H_1,0.273340044410182,21,sample_602,22
Gardnerella_vaginalis_H_1,0.0921969660668936,21,sample_772,20
Prevotella_amnii_9,0.219717655763429,21,sample_636,27
Gardnerella_vaginalis_D_9,0.163092763027667,21,sample_744,20
Gardnerella_vaginalis_A_1,0.151605996230409,21,sample_943,20
Gardnerella_vaginalis_C_3,0.266757329835168,21,sample_2066,10
Sneathia_sanguinegens_6,0.0936105792493536,21,sample_910,27
UBA629_sp005465875_2,0.251117535944054,21,sample_1999,19
Fannyhessea_vaginae_1,0.159321524973403,21,sample_931,21
Prevotella_amnii_5,0.251813200610249,21,sample_955,22
Gardnerella_spNov2_2,0.205158761750207,21,sample_705,22
Sneathia_vaginalis_1,0.0800569349833731,21,sample_911,20
Gardnerella_vaginalis_1,0.196494778725777,21,sample_2070,20
Prevotella_amnii_10,0.162321435040117,21,sample_2082,20
Gardnerella_vaginalis_2,0.218793130642035,21,sample_687,20
Sneathia_vaginalis_2,0.17600778066891,21,sample_956,24
Gardnerella_vaginalis_H_4,0.303868018406799,21,sample_711,22
Prevotella_amnii_2,0.427252816578683,21,sample_897,22
Gardnerella_vaginalis_F_1,0.288544477356069,21,sample_741,22
Nanoperiomorbus_sp004136275_2,0.240277288228046,21,sample_632,20
Prevotella_spNov3_5,0.243123916756362,21,sample_792,20
Gardnerella_vaginalis_H_1,0.161054638122744,21,sample_647,20
Gardnerella_vaginalis_H_1,0.131876906802604,21,sample_950,20
UBA629_sp005465875_3,0.104061203484799,21,sample_896,22
Sneathia_vaginalis_1,0.15673719772404,21,sample_915,23
Nanoperiomorbus_sp004136275_3,0.212836394814283,21,sample_692,22
Dialister_sp001553355_3,0.0676800690323799,21,sample_859,22
Gardnerella_swidsinkii_2,0.128503678551863,21,sample_1470,24
Prevotella_amnii_6,0.184950032879217,21,sample_854,22
Sneathia_vaginalis_2,0.1161061011957,21,sample_882,22
Prevotella_spNov1,0.231885933841372,21,sample_589,24
Prevotella_amnii_4,0.227945049615319,21,sample_793,22
Gardnerella_vaginalis_H_1,0.779150780938095,21,sample_739,23
Gardnerella_vaginalis_H_3,0.178955219796602,21,sample_951,20
Gardnerella_spNov2_2,0.2078134730526,21,sample_948,19
Prevotella_timonensis_1,0.0959175068827565,21,sample_942,22
Gardnerella_vaginalis_H_1,0.258909347546957,21,sample_681,20
Prevotella_amnii_1,0.114697875637986,21,sample_1945,22
Gardnerella_vaginalis_H_1,0.203729288850248,21,sample_664,20
Gardnerella_vaginalis_A_1,0.149450477496416,21,sample_810,20
Nanoperiomorbus_sp004136275_2,0.171536715188866,21,sample_929,19
Gardnerella_vaginalis_A_1,0.184913675823296,21,sample_932,20
Nanoperiomorbus_sp004136275_2,0.350827233826649,21,sample_683,20
Gardnerella_piotii_3,0.0926022877955641,21,sample_656,22
Fannyhessea_vaginae_1,0.148766680756489,21,sample_952,20
Gardnerella_vaginalis_H_1,0.109130319711488,21,sample_723,22
Gardnerella_vaginalis_C_3,0.196408831140445,21,sample_2101,20
Fannyhessea_vaginae_1,0.108017333217352,21,sample_940,21
UBA629_sp005465875_1,0.303716748893749,21,sample_1937,17
Gardnerella_vaginalis_F_1,0.206819287857896,21,sample_538,22
Prevotella_timonensis_2,0.0996919032905469,21,sample_938,21
Dialister_sp001553355_1,0.18030523152528,21,sample_517,22
Gardnerella_vaginalis_H_3,0.285417604017576,21,sample_928,20
Gardnerella_piotii_3,0.231084961854489,21,sample_622,20
Gardnerella_vaginalis_2,0.371142244018227,21,sample_620,20
Prevotella_bivia,0.115488168179621,21,sample_815,20
UBA629_sp005465875_3,0.672982724426234,21,sample_842,19
Gardnerella_vaginalis_2,0.199676326272665,21,sample_614,20
Fannyhessea_vaginae_1,0.179647492686373,21,sample_1344,24
Fannyhessea_vaginae_1,0.169051022186497,21,sample_520,20
Mobiluncus_mulieris_3,0.284715190821583,21,sample_805,22
Gardnerella_vaginalis_C_1,0.185167245182747,21,sample_638,22
Gardnerella_piotii_3,0.239125175558702,21,sample_778,22
Gardnerella_vaginalis_2,0.101348565092421,21,sample_813,20
Nanoperiomorbus_sp004136275_3,0.13040224679449,21,sample_758,22
Gardnerella_piotii_3,0.250034602864171,21,sample_768,22
Gardnerella_vaginalis_H_1,0.303760455107095,21,sample_543,22
Prevotella_disiens,0.176721963129216,21,sample_1448,20
Gardnerella_vaginalis_C_1,0.22782643117679,21,sample_539,20
Gardnerella_vaginalis_A_1,0.181008918962884,21,sample_765,22
Gardnerella_vaginalis_H_1,0.120068515793601,21,sample_751,20
Gardnerella_leopoldii_2,0.119158797303241,21,sample_513,20
UBA629_sp005465875_3,0.669516703915269,21,sample_800,18
Lactobacillus_crispatus_3,0.309124095330108,21,sample_2330,6
UBA629_sp005465875_1,0.171822673192209,21,sample_1833,19
Mobiluncus_mulieris_3,0.0939989164300562,21,sample_791,27
Lactobacillus_iners_2,0.119643445113989,21,sample_1905,20
Prevotella_amnii_3,0.121237874863227,21,sample_784,20
Gardnerella_vaginalis_E_1,0.260224920506374,21,sample_2098,20
Gardnerella_vaginalis_F_2,0.292510664602372,21,sample_827,22
Gardnerella_vaginalis_C_1,0.157330591362142,21,sample_789,22
Gardnerella_vaginalis_2,0.167688670971191,21,sample_757,20
Gardnerella_vaginalis_2,0.449190142519774,21,sample_560,20
UBA629_sp005465875_3,0.190336236122211,21,sample_806,19
Lactobacillus_jensenii_5,0.288014179369018,21,sample_1270,16
Prevotella_spNov3_5,0.137627960401295,21,sample_838,22
UBA629_sp005465875_3,0.404684312191108,21,sample_816,19
KA00274_sp902373515_1,0.143799732867045,21,sample_767,20
Gardnerella_vaginalis_C_1,0.150366515040769,21,sample_563,20
UBA629_sp005465875_3,0.689375416484805,21,sample_752,19
Gardnerella_swidsinkii_14,0.117559413303428,21,sample_780,24
Gardnerella_vaginalis_F_3,0.207394205170646,21,sample_640,20
Gardnerella_vaginalis_2,0.151295990449091,21,sample_714,20
Prevotella_amnii_2,0.146969336698349,21,sample_881,20
UBA629_sp005465875_3,0.174622123697628,21,sample_788,22
Gardnerella_vaginalis_H_3,0.164620010417295,21,sample_748,22
Fannyhessea_vaginae_1,0.170782156976447,21,sample_679,20
Gardnerella_vaginalis_H_1,0.154891795995497,21,sample_582,20
Gardnerella_vaginalis_F_1,0.216106670432224,21,sample_572,22
UBA629_sp005465875_1,0.134196512743118,21,sample_828,22
Lactobacillus_iners_2,0.138180752012192,21,sample_766,22
Megasphaera_hutchinsoni_1,0.103883508715164,21,sample_776,22
Escherichia_coli_1,0.202684140301829,21,sample_1369,24
Lactobacillus_iners_1,0.0784064276270759,21,sample_774,22
Gardnerella_vaginalis_H_1,0.240522671974174,21,sample_528,22
Gardnerella_vaginalis_A_1,0.141099564463805,21,sample_554,20
UBA629_sp005465875_1,0.104175148215625,21,sample_592,22
Gardnerella_swidsinkii_14,0.356122063237092,21,sample_1488,24
Gardnerella_vaginalis_A_1,0.10158607068859,21,sample_639,22
Gardnerella_vaginalis_E_0,0.228405311768934,21,sample_2059,20
Fannyhessea_vaginae_1,0.104515526309986,21,sample_680,20
Gardnerella_vaginalis_C_1,0.19155980946193,21,sample_727,20
Sneathia_vaginalis_2,0.118594726548176,21,sample_884,21
Prevotella_amnii_1,0.144464534768188,21,sample_885,20
Gardnerella_vaginalis_C_3,0.251225216254479,21,sample_2087,20
Gardnerella_vaginalis_H_1,0.244129383232208,21,sample_526,20
Prevotella_amnii_3,0.146426138382519,21,sample_796,22
Dialister_sp001553355_1,0.134229706274381,21,sample_832,20
Gardnerella_vaginalis_H_3,0.175891714112254,21,sample_918,22
Prevotella_timonensis_2,0.1358944429761,21,sample_1445,24
UBA629_sp005465875_1,0.2069566016747,21,sample_1869,17
UBA629_sp005465875_3,0.15209646020656,21,sample_872,19
Prevotella_amnii_6,0.276586223816003,21,sample_883,22
Gardnerella_vaginalis_2,0.241816771174789,21,sample_569,22
KA00274_sp902373515_1,0.128441737497603,21,sample_894,23
Prevotella_spNov3_5,0.196159897993992,21,sample_825,20
Gardnerella_vaginalis_2,0.268233707574445,21,sample_548,22
Prevotella_disiens,0.189026608423663,21,sample_531,22
Porphyromonas_uenonis_1,0.160515427178423,21,sample_847,24
Lactobacillus_iners_2,0.283604639124668,21,sample_556,20
Gardnerella_vaginalis_H_1,0.302136767449824,21,sample_512,20
Gardnerella_vaginalis_F_2,0.119744574786765,21,sample_1986,22
UBA629_sp005465875_3,0.566203420451187,21,sample_764,19
Gardnerella_vaginalis_F_3,0.132836474747971,21,sample_552,22
Gardnerella_vaginalis_A_1,0.28682955435467,21,sample_822,20
Gardnerella_vaginalis_C_3,0.361070275662706,21,sample_2090,20
Gardnerella_vaginalis_C_1,0.234335398948654,21,sample_628,22
Gardnerella_vaginalis_D_1,0.385321341131665,21,sample_648,20
Gardnerella_vaginalis_C_1,0.115154773508491,21,sample_546,22
Prevotella_amnii_1,0.310521927897629,21,sample_879,27
Gardnerella_swidsinkii_3,0.186827678239548,21,sample_1390,24
Prevotella_amnii_7,0.176830523597869,21,sample_785,22
Lactobacillus_iners_2,0.14280401179941,21,sample_541,22
UBA629_sp005465875_3,0.157709414418281,21,sample_755,22
Gardnerella_vaginalis_2,0.17649534699082,21,sample_908,24
Prevotella_spNov1,0.182655021725861,21,sample_1363,24
Megasphaera_lornae_2,0.0974024336982426,21,sample_903,21
Gardnerella_vaginalis_C_1,0.172214383039598,21,sample_799,20
Mobiluncus_mulieris_2,0.163687555436583,21,sample_921,24
Prevotella_amnii_4,0.21568276929338,21,sample_819,22
Gardnerella_vaginalis_C_1,0.189210271277972,21,sample_689,22
Gardnerella_vaginalis_H_4,0.39231339596131,21,sample_728,22
Gardnerella_vaginalis_E_0,0.142217500485414,21,sample_866,20
Prevotella_amnii_7,0.244153478660818,21,sample_756,20
Gardnerella_vaginalis_H_1,0.15588606493109,21,sample_773,20
Gardnerella_leopoldii_2,0.167174463878332,21,sample_598,20
Gardnerella_vaginalis_C_3,0.154261355392797,21,sample_2043,22
Gardnerella_vaginalis_C_2,0.173156126075946,21,sample_770,20
Bifidobacterium_breve_2,0.256251129802104,21,sample_845,22
Fannyhessea_vaginae_1,0.215282560163552,21,sample_913,22
Gardnerella_vaginalis_F_1,0.104512111081455,21,sample_786,22
Gardnerella_piotii_3,0.292457893214773,21,sample_809,20
Prevotella_amnii_3,0.204799792198975,22,sample_1449,24
Gardnerella_swidsinkii_1,0.308328441341033,22,sample_2114,24
Gardnerella_swidsinkii_1,0.287529700512644,22,sample_2153,24
Gardnerella_swidsinkii_1,0.272465320289852,22,sample_2135,24
Gardnerella_piotii_1,0.224091198736535,22,sample_2117,24
Gardnerella_swidsinkii_1,0.314512643520121,22,sample_2154,24
Gardnerella_swidsinkii_1,0.277790611429708,22,sample_2156,24
Gardnerella_piotii_1,0.272022561927318,22,sample_2141,24
Gardnerella_swidsinkii_4,0.100276201464265,23,sample_1480,24
Gardnerella_swidsinkii_3,0.449639685749896,23,sample_1451,23
Gardnerella_swidsinkii_3,0.161633059635982,23,sample_1499,24
Gardnerella_leopoldii_1,0.23650308033545,23,sample_2068,20
Gardnerella_swidsinkii_11,0.19822472972104,23,sample_1495,16
Gardnerella_swidsinkii_3,0.246464685569424,23,sample_1496,24
Lactobacillus_iners_1,0.30685491043751,23,sample_2099,23
Gardnerella_leopoldii_1,0.201751819737419,23,sample_2056,20
Lactobacillus_iners_1,0.33825049784556,23,sample_2072,12
Gardnerella_swidsinkii_3,0.167021893124353,23,sample_1359,24
Gardnerella_swidsinkii_3,0.291617761630155,23,sample_1474,23
Gardnerella_swidsinkii_4,0.272625249324278,23,sample_1485,24
Gardnerella_leopoldii_1,0.212592886933339,23,sample_2040,20
Metamycoplasma_hominis_2,0.516635779746643,23,sample_1555,27
Gardnerella_swidsinkii_12,0.278046807454267,23,sample_1457,24
Gardnerella_swidsinkii_13,0.540965802694411,23,sample_1465,23
Lactobacillus_iners_1,0.38206480487354,23,sample_584,12
Gardnerella_leopoldii_1,0.256941804159846,23,sample_2085,23
Gardnerella_swidsinkii_4,0.140222310424545,23,sample_1458,24
Gardnerella_swidsinkii_13,0.25721063141836,23,sample_1461,24
Gardnerella_swidsinkii_3,0.254887502611625,23,sample_1350,24
Gardnerella_piotii_1,0.402316197152625,23,sample_1351,24
Gardnerella_swidsinkii_3,0.261078275895768,23,sample_1384,24
Gardnerella_swidsinkii_3,0.232296949131588,23,sample_1381,24
Gardnerella_swidsinkii_3,0.456479373815879,23,sample_1387,23
Gardnerella_swidsinkii_8,0.282250633719838,23,sample_1376,20
Gardnerella_swidsinkii_3,0.235778184304243,23,sample_1476,24
Lactobacillus_iners_1,0.314413318036242,23,sample_1401,11
Gardnerella_vaginalis_1,0.0909386026096289,23,sample_1375,20
Gardnerella_swidsinkii_10,0.234900468203396,23,sample_1407,24
Gardnerella_swidsinkii_10,0.386839608106596,23,sample_1372,24
Gardnerella_swidsinkii_13,0.287260590952739,23,sample_1356,24
Gardnerella_swidsinkii_3,0.20210558051517,23,sample_1397,24
Gardnerella_swidsinkii_13,0.281072124368638,23,sample_1377,24
Gardnerella_vaginalis_1,0.236624940524658,23,sample_1379,24
Gardnerella_swidsinkii_3,0.330168451728501,23,sample_1349,24
Gardnerella_vaginalis_D_5,0.132217852798323,23,sample_2035,20
Prevotella_bivia,0.126363084168166,23,sample_1365,20
Gardnerella_swidsinkii_10,0.365596829032051,23,sample_1371,24
Gardnerella_vaginalis_1,0.330036310009993,23,sample_1492,20
Gardnerella_swidsinkii_13,0.25992963358078,23,sample_1374,24
Gardnerella_swidsinkii_4,0.390161475254079,23,sample_1367,24
Gardnerella_swidsinkii_4,0.204443848400957,23,sample_1412,24
UBA629_sp005465875_2,0.293940220704763,23,sample_1433,24
Gardnerella_swidsinkii_3,0.391891567211817,23,sample_1419,24
Gardnerella_swidsinkii_10,0.269947986767576,23,sample_1506,24
Gardnerella_piotii_2,0.734301452992189,23,sample_2032,23
Gardnerella_swidsinkii_4,0.168717436113747,23,sample_1395,24
Gardnerella_swidsinkii_10,0.184391959184797,23,sample_1437,24
Gardnerella_swidsinkii_11,0.35925747730957,23,sample_1444,23
Gardnerella_swidsinkii_13,0.37614167210152,23,sample_1403,24
Gardnerella_swidsinkii_4,0.152448209524548,23,sample_1402,24
Gardnerella_swidsinkii_4,0.253527268458563,23,sample_1414,24
Gardnerella_swidsinkii_4,0.34119885360346,23,sample_1438,24
Gardnerella_leopoldii_0,0.221156835791524,23,sample_2038,23
Gardnerella_vaginalis_1,0.204703508083992,23,sample_2049,24
Gardnerella_swidsinkii_10,0.335778533000676,23,sample_1366,24
Gardnerella_piotii_1,0.628626859543803,24,sample_2434,23
Gardnerella_piotii_1,0.715257882257161,24,sample_2437,23
Gardnerella_piotii_1,0.39283019775861,24,sample_2441,23
Gardnerella_piotii_1,0.78076622856197,24,sample_2453,23
Gardnerella_piotii_1,0.519647124819375,24,sample_2448,23
Gardnerella_piotii_1,0.809055389565617,24,sample_2435,23
Gardnerella_piotii_1,0.823553452200767,24,sample_2440,23
Gardnerella_piotii_1,0.792621023035799,24,sample_2447,23
Gardnerella_piotii_1,0.504166230183672,24,sample_2443,23
Bifidobacterium_breve_1,0.89310071887842,25,sample_2518,26
